name,state,tier_name,mr_kq5_pq1,mr_ktop1_pq1
Abilene Christian University,TX,Selective private,0.014363836,0.0019969451
Abraham Baldwin Agricultural College,GA,Nonselective 4-year public,0.014857335,9.9537033e-4
Adams State University,CO,Selective public,0.018844681,3.1015468e-5
Adelphi University,NY,Selective private,0.032585073,0.0026125547
Adrian College,MI,Selective private,0.0095646288,4.2307722e-5
Adventist University Of Health Sciences,FL,Nonselective 4-year private,0.037858434,7.6385069e-5
Agnes Scott College,GA,Highly selective private,0.014744159,8.4282074e-5
Alabama Agricultural & Mechanical University,AL,Selective public,0.0421931,7.2911417e-4
Albany College Of Pharmacy And Health Sciences,NY,Nonselective 4-year private,0.033575334,1.0010065e-4
Albany State University,GA,Selective public,0.025794942,0
Albertus Magnus College,CT,Selective private,0.055204768,3.8160928e-5
Albion College,MI,Selective private,0.0068131848,1.1605809e-4
Albright College,PA,Selective private,0.013705797,4.2539839e-5
Alderson Broaddus University,WV,Selective private,0.027365765,1.7945115e-4
Alfred University,NY,Selective private,0.014770933,5.0702543e-5
Allegheny College,PA,Selective private,0.013434455,0.0022298899
Alma College,MI,Selective private,0.011659105,8.1647879e-5
Alvernia University,PA,Selective private,0.021852216,0.0015355652
Alverno College,WI,Selective private,0.026607819,0.0021274139
American Institute Of Business,IA,Nonselective 4-year private,0.014345624,6.480459e-5
American International College,MA,Selective private,0.026896371,0
American Musical & Dramatic Academy,NY,Nonselective 4-year private,0.0070262402,8.0601341e-5
American University,DC,Highly selective private,0.012844238,0.001853017
Amherst College,MA,Other elite schools (private and public),0.019616831,0.0026926997
"Anderson University of Anderson, IN",IN,Selective private,0.0071356744,0
"Anderson University of Anderson, SC",SC,Nonselective 4-year private,0.011968425,0.0015029223
Andrews University,MI,Selective private,0.02404573,1.1535617e-4
Angelo State University,TX,Selective public,0.021094922,2.7260143e-5
Anna Maria College,MA,Selective private,0.01695396,0
Appalachian State University,NC,Selective public,0.0054004826,2.5323287e-4
Aquinas College,MI,Selective private,0.0058400971,0
Arcadia University,PA,Selective private,0.019300634,0.0021601759
Arizona State And Northern Arizona University And University Of Arizona,AZ,Selective public,0.015779939,6.3379592e-4
Arkansas State University,AR,Selective public,0.023571217,6.898779e-4
Arkansas Tech University,AR,Selective public,0.021171754,0.0013752948
Armstrong Atlantic State University,GA,Selective public,0.018230883,0
Art Center College Of Design,CA,Nonselective 4-year private,0.04573692,0.0030611865
Asbury College,KY,Selective private,0.0078622261,0
Ashland University,OH,Selective private,0.0056378758,6.794582e-4
Assumption College,MA,Selective private,0.008881609,1.1498967e-4
Atlanta Metropolitan  State College,GA,Nonselective 4-year public,0.013703366,1.9487614e-5
Auburn University,AL,Selective public,0.010658238,8.828335e-4
Auburn University Montgomery,AL,Selective public,0.024405176,9.9311746e-4
Augsburg College,MN,Selective private,0.012930907,0.0010610255
"Augustana College of Rock Island, IL",IL,Highly selective private,0.0099985851,5.2611413e-4
"Augustana College of Sioux Falls, SD",SD,Selective private,0.0044448045,1.2398019e-5
Aurora University,IL,Selective private,0.01104902,6.8198115e-6
Austin College,TX,Highly selective private,0.022787016,0.0011001534
Austin Peay State University,TN,Selective public,0.013754671,6.3322921e-4
Averett University,VA,Selective private,0.0058118408,4.4691984e-5
Avila University,MO,Selective private,0.0052561383,1.2672017e-4
Azusa Pacific University,CA,Selective private,0.015201175,4.7374007e-5
Babson College,MA,Highly selective private,0.027997315,0.0042740521
Baker College,MI,Nonselective 4-year private,0.0089912629,2.366853e-4
Baker University,KS,Selective private,0.01278977,0
Baldwin Wallace University,OH,Selective private,0.011461781,1.6959722e-5
Ball State University,IN,Selective public,0.0077425609,3.9037518e-4
Baptist Bible College,MO,Nonselective 4-year private,0.024323437,6.68149e-5
Baptist Bible College Of Pennsylvania,PA,Nonselective 4-year private,0.0051051322,0
Bard College,NY,Highly selective private,0.015318513,0
Barnard College,NY,Other elite schools (private and public),0.034545787,0.004341159
Barry University,FL,Selective private,0.035723217,0.0012793358
Barton College,NC,Selective private,0.0054118219,7.7370591e-5
Bates College,ME,Other elite schools (private and public),0.0075810608,8.6732709e-4
Bay Path College,MA,Selective private,0.017043661,2.3049421e-5
Baylor University,TX,Highly selective private,0.013736501,0.0013184855
Becker College,MA,Selective private,0.0089575732,1.1481462e-5
Belhaven University,MS,Selective private,0.031970855,0.0031625619
Bellarmine University,KY,Selective private,0.009435893,0.0014471898
Bellevue College,WA,Nonselective 4-year public,0.014904987,3.8336153e-4
Bellevue University,NE,Selective private,0.0098948237,3.8888604e-5
Belmont Abbey College,NC,Selective private,0.014704109,0
Belmont University,TN,Selective private,0.0057811551,2.7081056e-5
Beloit College,WI,Highly selective private,0.0090190554,0.0014354236
Benedictine College,KS,Selective private,0.010532828,1.5380455e-4
Benedictine University,IL,Selective private,0.01114781,0.0015505418
Bennett College,NC,Selective private,0.03884872,0
Bennington College,VT,Highly selective private,0.0092656333,0
Bentley University,MA,Highly selective private,0.029418632,0.0023907071
Berklee College Of Music,MA,Nonselective 4-year private,0.0071860002,0
Berry College,GA,Selective private,0.012153942,1.7312352e-5
Beth Medrash Govoha Of America,NJ,Nonselective 4-year private,0.024971057,0.0024621512
"Bethany College of Bethany, WV",WV,Selective private,0.020469109,7.4275551e-5
"Bethany College of Lindsborg, KS",KS,Selective private,0.011337067,0
Bethany Lutheran College,MN,Nonselective 4-year private,0.0080154454,4.6385771e-6
Bethel College,IN,Selective private,0.0062512481,0.0012477877
"Bethel University of McKenzie, TN",TN,Selective private,0.016350059,5.3677206e-5
"Bethel University of Saint Paul, MN",MN,Selective private,0.0049796971,0
Bethune Cookman University,FL,Selective private,0.02163641,7.0826507e-5
Binghamton University,NY,Highly selective public,0.050876305,0.0045423191
Biola University,CA,Selective private,0.017981296,5.8477603e-6
Birmingham Southern College,AL,Selective private,0.010045541,0.0012567379
Bismarck State College,ND,Nonselective 4-year public,0.025194777,8.3522825e-4
Blackburn University,IL,Selective private,0.012327814,6.659393e-5
Bloomfield College,NJ,Selective private,0.060373791,0.0014765193
Bloomsburg University Of Pennsylvania,PA,Selective public,0.015696971,2.4414656e-4
Bluefield State College,WV,Selective public,0.011984185,7.5255329e-4
Bluffton University,OH,Selective private,0.0015012556,2.8223752e-5
Boise State University,ID,Selective public,0.012776014,4.2857608e-4
Boricua College,NY,Selective private,0.03635373,1.3197199e-4
Boston College,MA,Other elite schools (private and public),0.016028848,0.0020131257
Boston University,MA,Highly selective private,0.020175174,0.0015425697
Bowdoin College,ME,Other elite schools (private and public),0.010947428,8.7762868e-4
Bowling Green State University,OH,Selective public,0.0073367259,3.6028677e-4
Bradley University,IL,Selective private,0.011705709,1.7707036e-5
Brandeis University,MA,Other elite schools (private and public),0.020382755,0.0037860365
Brazosport College,TX,Nonselective 4-year public,0.039057486,5.1443808e-4
Brenau University,GA,Selective private,0.020909321,1.5473655e-5
Brevard College,NC,Nonselective 4-year private,0.0065035652,2.8404951e-5
Brewton Parker College,GA,Selective private,0.0079967873,0
Briar Cliff University,IA,Selective private,0.0098542068,0
Bridgewater College,VA,Selective private,0.0097876126,0.0010947117
Bridgewater State University,MA,Selective public,0.013210518,2.9304434e-4
Brigham Young University,UT,Selective private,0.0065053944,4.5399313e-4
Brigham Young University - Hawaii,HI,Selective private,0.012499791,0.0048080557
Brigham Young University-Idaho,ID,Nonselective 4-year private,0.0075338706,2.911778e-4
Broward College,FL,Nonselective 4-year public,0.027686182,3.1518831e-4
Brown University,RI,Ivy Plus,0.015486852,0.0020264117
Bryan College,TN,Selective private,0.0047017862,3.542376e-5
Bryant University,RI,Selective private,0.016033988,0.0019546608
Bryn Mawr College,PA,Other elite schools (private and public),0.018263785,0.0012667102
Bucknell University,PA,Other elite schools (private and public),0.014601452,0.001628744
Buena Vista University,IA,Selective private,0.016441403,0.0010943913
Butler University,IN,Selective private,0.010017018,8.845171e-4
CUNY Bernard M. Baruch College,NY,Selective public,0.12938586,0.0070650866
CUNY Brooklyn College,NY,Selective public,0.080658495,0.0016573239
CUNY Hunter College,NY,Selective public,0.075420022,0.0017931563
CUNY John Jay College Of Criminal Justice,NY,Selective public,0.096914381,8.3760242e-4
CUNY Lehman College,NY,Selective public,0.10235137,6.9610245e-4
CUNY Medgar Evers College,NY,Selective public,0.050478742,8.7619119e-6
CUNY Queens College,NY,Selective public,0.071382657,0.0015883868
CUNY York College,NY,Selective public,0.068195067,8.9823181e-4
Cabrini College,PA,Selective private,0.013427556,8.5794505e-5
Cairn University,PA,Selective private,0.007040408,1.1590961e-4
Caldwell College,NJ,Selective private,0.025125738,0
California Baptist University,CA,Selective private,0.023633266,0
California College Of The Arts,CA,Nonselective 4-year private,0.0085592549,8.8134249e-5
California Institute Of Technology,CA,Other elite schools (private and public),0.031777687,0.0072321603
California Institute Of The Arts,CA,Nonselective 4-year private,0.009437901,0.0025206055
California Lutheran University,CA,Selective private,0.012286789,6.1987346e-5
California Maritime Academy,CA,Selective public,0.050363775,0.0035986267
California Polytechnic State University,CA,Selective public,0.022484858,0.0015971198
"California State Polytechnic University, Pomona",CA,Selective public,0.06833405,3.0474114e-4
California State University - Sacramento,CA,Selective public,0.033332288,3.7925255e-7
California State University Channel Islands,CA,Nonselective 4-year public,0.015977334,5.3560143e-5
"California State University, Bakersfield",CA,Selective public,0.04607648,6.0421904e-4
"California State University, Chico",CA,Selective public,0.01958406,5.3662201e-4
"California State University, Dominguez Hills",CA,Selective public,0.056009766,7.2849588e-4
"California State University, East Bay",CA,Selective public,0.043488853,9.2883303e-4
"California State University, Fresno",CA,Selective public,0.041856874,5.94443e-4
"California State University, Fullerton",CA,Selective public,0.047993153,8.4324076e-4
"California State University, Long Beach",CA,Selective public,0.044307064,3.4968724e-4
"California State University, Los Angeles",CA,Selective public,0.09918455,2.7692367e-4
"California State University, Monterey Bay",CA,Selective public,0.033873096,0.0010347271
"California State University, Northridge",CA,Selective public,0.063248597,0.0014253665
"California State University, San Bernardino",CA,Selective public,0.043982204,0.0011442828
"California State University, San Marcos",CA,Selective public,0.020967012,0
"California State University, Stanislaus",CA,Selective public,0.038550034,4.5360248e-5
California University Of Pennsylvania,PA,Selective public,0.014919632,0
Calvin College,MI,Selective private,0.0098208189,4.5706634e-4
Cameron University,OK,Selective public,0.029703129,0.0016775033
Campbell University,NC,Selective private,0.03085978,3.4668544e-4
Campbellsville University,KY,Selective private,0.017751163,3.8142556e-5
Canisius College,NY,Selective private,0.023605259,0.0020461923
Capital University,OH,Selective private,0.0091380253,7.1573985e-4
Cardinal Stritch University,WI,Selective private,0.019627208,2.7127284e-5
Carleton College,MN,Other elite schools (private and public),0.013661893,0.001484305
Carlow University,PA,Selective private,0.025027391,3.8207677e-6
Carnegie Mellon University,PA,Other elite schools (private and public),0.021873826,0.0046390304
Carroll College,MT,Selective private,0.018208114,0.0014461635
Carroll University,WI,Selective private,0.0064128581,0
Carson - Newman University,TN,Selective private,0.015280725,0
Carthage College,WI,Selective private,0.010403308,0
Case Western Reserve University,OH,Other elite schools (private and public),0.017887011,0.0018017193
Catawba College,NC,Selective private,0.012521857,8.0121077e-5
Catholic University Of America,DC,Selective private,0.008010637,6.3719845e-4
Cazenovia College,NY,Selective private,0.01259689,1.4237879e-4
Cedarville University,OH,Selective private,0.0087931501,0
Centenary College,NJ,Selective private,0.01035414,2.8646682e-5
Centenary College Of Louisiana,LA,Selective private,0.014953231,0
Central College,IA,Selective private,0.009312517,7.9095754e-4
Central Connecticut State University,CT,Selective public,0.014561397,6.670641e-4
Central Methodist University,MO,Selective private,0.01253188,0.0034948271
Central Michigan University,MI,Selective public,0.010340575,2.9844715e-4
Central State University,OH,Selective public,0.020660078,0
Central Washington University,WA,Selective public,0.013766491,8.3518954e-4
Centralia College,WA,Nonselective 4-year public,0.016559748,0
Centre College Of Kentucky,KY,Highly selective private,0.0069167702,0.0013968217
Chadron State College,NE,Selective public,0.019025898,8.0380455e-4
Chaminade University Of Honolulu,HI,Selective private,0.034261223,0
Champlain College,VT,Selective private,0.017630156,7.7923445e-4
Chapman University,CA,Highly selective private,0.017024867,0.0015996823
Charleston Southern University,SC,Selective private,0.021454673,0.00140604
Chatham University,PA,Selective private,0.016273953,4.3362692e-5
Chestnut Hill College,PA,Selective private,0.014189931,1.2696728e-4
Cheyney University Of Pennsylvania,PA,Selective public,0.023012543,0
Chicago State University,IL,Selective public,0.036516991,3.1007065e-5
Chipola College,FL,Nonselective 4-year public,0.0084069008,1.7001694e-4
Christian Brothers University,TN,Selective private,0.02648765,0.0028115672
Christopher Newport University,VA,Selective public,0.010826487,4.0044624e-4
Cincinnati Christian University,OH,Nonselective 4-year private,0.0037456173,1.4779274e-4
"Citadel, The Military College Of South Carolina",SC,Selective public,0.019621627,0
City College Of New York - CUNY,NY,Selective public,0.11723747,0.0045848917
Claflin University,SC,Selective private,0.035919443,9.5640564e-5
Claremont Mckenna College,CA,Other elite schools (private and public),0.029592477,0.012494438
Clarion University Of Pennsylvania,PA,Selective public,0.010521275,0
Clark Atlanta University,GA,Selective private,0.033000425,0.0012360121
Clark University,MA,Highly selective private,0.022418769,0.0016414659
Clarke University,IA,Selective private,0.034456961,9.0126829e-5
Clarkson University,NY,Selective private,0.029669976,6.2362209e-4
Clayton State University,GA,Selective public,0.015449493,5.6992448e-4
Clearwater Christian College,FL,Selective private,0.00808674,1.3674471e-4
Clemson University,SC,Highly selective public,0.012014057,2.4017456e-4
Cleveland State University,OH,Selective public,0.016072698,6.0598901e-4
Coastal Carolina University,SC,Selective public,0.010405573,4.0241803e-6
Coe College,IA,Selective private,0.015621743,0.0013955681
Coker College,SC,Selective private,0.012170363,3.4495803e-5
Colby College,ME,Other elite schools (private and public),0.0090376502,0.001988733
Colby-Sawyer College,NH,Selective private,0.0099231089,0
Colgate University,NY,Other elite schools (private and public),0.0087406812,0.0010027857
College For Creative Studies,MI,Nonselective 4-year private,0.010717616,1.5645532e-4
College Of Central Florida,FL,Nonselective 4-year public,0.019528002,0
College Of Charleston,SC,Selective public,0.0095318928,3.7772534e-4
College Of Coastal Georgia,GA,Nonselective 4-year public,0.015464905,4.2257275e-6
College Of Idaho,ID,Selective private,0.019359518,1.704331e-5
College Of Mount Saint Joseph,OH,Selective private,0.0045749447,6.7127534e-5
College Of Mount Saint Vincent And Manhattan College,NY,Selective private,0.057835598,0.0017260413
College Of New Jersey,NJ,Other elite schools (private and public),0.018082317,0.0010656132
College Of New Rochelle,NY,Selective private,0.028672865,9.6381855e-6
College Of Our Lady Of The Elms,MA,Selective private,0.018826811,7.9058573e-6
College Of Saint Benedict,MN,Selective private,0.012409491,0
College Of Saint Elizabeth,NJ,Selective private,0.025033178,0
College Of Saint Rose,NY,Selective private,0.017303271,6.8619684e-4
College Of Saint Scholastica,MN,Selective private,0.021893101,1.3759183e-5
College Of Southern Nevada,NV,Nonselective 4-year public,0.015094155,4.3524004e-4
College Of Staten Island/CUNY,NY,Selective public,0.041348025,9.8896294e-4
College Of The Holy Cross,MA,Other elite schools (private and public),0.010001441,0.0010236085
College Of The Ozarks,MO,Selective private,0.033171967,2.8671684e-5
College Of William & Mary,VA,Other elite schools (private and public),0.0052360371,2.1061544e-4
College Of Wooster,OH,Selective private,0.0070711519,0
CollegeAmerica Denver,CO,Nonselective 4-year private,0.021143179,0.0037611255
Colorado Christian University,CO,Selective private,0.0035530364,8.7891174e-5
Colorado College,CO,Highly selective private,0.018225832,0.002691631
Colorado Mesa University,CO,Selective public,0.020071208,6.7099772e-4
Colorado Mountain College,CO,Nonselective 4-year public,0.01090023,5.4918654e-4
Colorado School Of Mines,CO,Highly selective public,0.024911636,0.0025584963
Colorado State University,CO,Selective public,0.011196307,2.4979073e-4
Colorado State University-Pueblo,CO,Selective public,0.024855316,7.4505486e-5
Columbia Basin College,WA,Nonselective 4-year public,0.017361954,4.2554431e-5
"Columbia College of Chicago, IL",IL,Selective private,0.0095007485,4.212603e-5
"Columbia College of Columbia, MO",MO,Selective private,0.017756516,3.6647702e-6
"Columbia College of Columbia, SC",SC,Selective private,0.013072638,1.2099709e-4
Columbia International University,SC,Nonselective 4-year private,0.0014093219,0
Columbia University In The City Of New York,NY,Ivy Plus,0.030735934,0.0075032813
Columbus College Of Art & Design,OH,Nonselective 4-year private,0.015975298,2.2681619e-5
Columbus State University,GA,Selective public,0.017842893,6.4053047e-6
Concord University,WV,Selective public,0.01432975,0.0012933601
Concordia College - Moorhead,MN,Selective private,0.013580244,0.0020724298
Concordia University - Saint Paul,MN,Selective private,0.017048677,0
Concordia University - Wisconsin,WI,Selective private,0.0081852181,4.5061599e-5
Concordia University Texas,TX,Selective private,0.012233841,0.0033319744
"Concordia University of Irvine, CA",CA,Selective private,0.014180595,1.572793e-4
"Concordia University of Portland, OR",OR,Selective private,0.0087526208,0
"Concordia University of River Forest, IL",IL,Selective private,0.0076721529,0
"Concordia University of Seward, NE",NE,Selective private,0.0070259594,0
Connecticut College,CT,Other elite schools (private and public),0.015796896,0.0016020592
Converse College,SC,Selective private,0.006902115,0
Cooper Union For The Advancement Of Science & Art,NY,Other elite schools (private and public),0.04277638,0.0058032763
Corban University,OR,Selective private,0.0047163591,1.7156604e-5
Cornell College,IA,Selective private,0.0087094642,2.1724643e-4
Cornell University,NY,Ivy Plus,0.029070236,0.0050723562
Cornerstone University,MI,Selective private,0.0032964707,5.6850327e-5
Cornish College Of The Arts,WA,Nonselective 4-year private,0.0084198518,0
Covenant College,GA,Selective private,0.021523731,0.0015237265
Creighton University,NE,Selective private,0.016024692,9.7993668e-4
Crown College,MN,Nonselective 4-year private,0.010557843,0
Culinary Institute Of America,NY,Nonselective 4-year private,0.015095212,6.4667361e-4
Culver-Stockton College,MO,Selective private,0.015609925,3.2736166e-4
Cumberland University,TN,Selective private,0.020049477,1.1575261e-4
Curry College,MA,Selective private,0.019095086,7.292509e-5
D'Youville College,NY,Selective private,0.039663244,1.041305e-4
Daemen College,NY,Selective private,0.015489782,0.0024984838
Dallas Baptist University,TX,Selective private,0.0083096549,0
Dalton State College,GA,Nonselective 4-year public,0.012678913,0
Dartmouth College,NH,Ivy Plus,0.013762614,0.0036311145
Davenport University,MI,Selective private,0.012456022,3.9488517e-4
Davidson College,NC,Other elite schools (private and public),0.0041020564,0.0017017338
Davis & Elkins College,WV,Selective private,0.0055872784,8.5890468e-5
Daytona State College,FL,Nonselective 4-year public,0.016004307,1.6281573e-4
DePauw University,IN,Selective private,0.0090761594,0.0012086788
DeSales University,PA,Selective private,0.0068456563,8.6550543e-5
Dean College,MA,Nonselective 4-year private,0.008705345,0
Defiance College,OH,Selective private,0.011066434,0
Delaware Valley College Of Science & Agriculture,PA,Selective private,0.016287908,1.5572502e-6
Delta State University,MS,Selective public,0.0224602,9.6282538e-4
Denison University,OH,Highly selective private,0.0093918415,0.0013203255
Depaul University,IL,Selective private,0.028553518,0.0013981996
Dickinson College,PA,Highly selective private,0.012097311,0.0016719992
Dickinson State University,ND,Selective public,0.040979888,6.724696e-6
Dillard University,LA,Selective private,0.050284807,4.7699708e-4
Dixie State University,UT,Nonselective 4-year public,0.014699235,4.7229565e-4
Doane College,NE,Selective private,0.014534251,0.0024876697
Dominican College Of Blauvelt,NY,Selective private,0.036583826,0.0021140459
Dominican University,IL,Selective private,0.014196316,0
Dominican University Of California,CA,Selective private,0.031980876,0.0024441697
Dordt College,IA,Selective private,0.003423932,0
Dowling College,NY,Selective private,0.049541503,0.0012539458
Drake University,IA,Selective private,0.017473824,9.8863465e-4
Drew University,NJ,Selective private,0.02305807,9.9640666e-4
Drury University,MO,Selective private,0.012201751,1.1141643e-5
Duke University,NC,Ivy Plus,0.016026281,0.0042524287
Dunwoody College Of Technology,MN,Nonselective 4-year private,0.014309225,6.1663588e-5
Duquesne University Of The Holy Spirit,PA,Selective private,0.017168846,3.4915752e-4
Earlham College,IN,Selective private,0.0024436503,0
East Carolina University,NC,Selective public,0.011932503,4.5956534e-4
East Georgia State College,GA,Nonselective 4-year public,0.014026567,0
East Stroudsburg University Of Pennsylvania,PA,Selective public,0.017018918,4.4756023e-5
East Tennessee State University,TN,Selective public,0.014986984,2.2668547e-4
East Texas Baptist University,TX,Selective private,0.014889835,0.0024311498
Eastern Connecticut State University,CT,Selective public,0.008899264,1.3989315e-4
Eastern Florida State College,FL,Nonselective 4-year public,0.014721945,3.6484472e-4
Eastern Illinois University,IL,Selective public,0.009658183,0
Eastern Kentucky University,KY,Selective public,0.015209559,1.7009361e-4
Eastern Mennonite University,VA,Selective private,0.010012529,0
Eastern Michigan University,MI,Selective public,0.011686578,1.0224199e-5
Eastern Nazarene College,MA,Selective private,0.013295866,0
Eastern New Mexico University,NM,Selective public,0.021399237,3.4818798e-4
Eastern Oregon University,OR,Selective public,0.019505963,1.8882609e-5
Eastern University,PA,Selective private,0.007069828,0.0010984654
Eastern Washington University,WA,Selective public,0.019227237,2.3150316e-5
Eckerd College,FL,Selective private,0.011483468,4.5605109e-5
Edgewood College,WI,Selective private,0.01235362,2.279854e-5
Edinboro University Of Pennsylvania,PA,Selective public,0.010094229,3.0633016e-4
Edison State College,FL,Nonselective 4-year public,0.017097075,1.7366777e-4
Elizabeth City State University,NC,Selective public,0.038773548,5.5937761e-7
Elizabethtown College,PA,Selective private,0.0093476037,8.318849e-5
Elmhurst College,IL,Selective private,0.016476316,4.8868285e-5
Elmira College,NY,Selective private,0.013689324,9.9789693e-5
Elon University,NC,Highly selective private,0.0063649565,3.7003716e-5
Embry-Riddle Aeronautical University,FL,Selective private,0.034791574,9.6058659e-4
Emerson College,MA,Highly selective private,0.010786374,5.1928428e-4
"Emmanuel College of Boston, MA",MA,Selective private,0.018747658,2.72042e-5
"Emmanuel College of Franklin Springs, GA",GA,Nonselective 4-year private,0.014061822,0.0020797539
Emory & Henry College,VA,Selective private,0.015035091,4.7707228e-5
Emory University,GA,Other elite schools (private and public),0.018005462,0.0035348041
Emporia State University,KS,Selective public,0.0073185368,4.5168307e-4
Endicott College,MA,Selective private,0.014197784,4.1222898e-5
Erskine College,SC,Selective private,0.001567531,0
Eureka College,IL,Selective private,0.018272847,3.4991108e-4
Evangel University,MO,Selective private,0.0095689874,4.6965e-5
Evergreen State College,WA,Selective public,0.0051437938,1.0708801e-5
Fairfield University,CT,Selective private,0.015773047,0.0020574734
Fairleigh Dickinson University,NJ,Selective private,0.033313226,4.1174417e-4
Fashion Institute Of Technology,NY,Selective public,0.036484793,8.1943226e-4
Faulkner University,AL,Selective private,0.0071953624,8.4555984e-5
Fayetteville State University,NC,Selective public,0.024320804,0.001009185
Felician College,NJ,Selective private,0.024379453,0
Ferris State University,MI,Selective public,0.01697208,1.8251393e-4
Ferrum College,VA,Selective private,0.016068542,1.7094622e-5
Fisher College,MA,Nonselective 4-year private,0.023498505,1.8988092e-5
Fitchburg State University,MA,Selective public,0.017469816,2.2115824e-5
Flagler College,FL,Selective private,0.015132731,5.9557995e-5
Florida Agricultural & Mechanical University,FL,Selective public,0.032663293,9.1717916e-4
Florida Atlantic University,FL,Selective public,0.03070315,0.0012003196
Florida College,FL,Nonselective 4-year private,0.010077563,0
Florida Gateway College,FL,Nonselective 4-year public,0.016626302,8.0202779e-5
Florida Gulf Coast University,FL,Selective public,0.018777234,8.2288356e-4
Florida Institute Of Technology,FL,Selective private,0.037505582,0.0030081144
Florida International University,FL,Selective public,0.052249581,0.0011722672
Florida Memorial University,FL,Selective private,0.025294451,6.935079e-5
Florida Southern College,FL,Selective private,0.01863743,1.3185811e-4
Florida State College At Jacksonville,FL,Nonselective 4-year public,0.015607346,9.7733486e-5
Florida State University,FL,Selective public,0.021649536,4.921162e-4
Fontbonne University,MO,Selective private,0.0090163993,1.1151049e-4
Fordham University,NY,Highly selective private,0.039781969,0.003079972
Fort Hays State University,KS,Selective public,0.013584882,0
Fort Lewis College,CO,Selective public,0.0085251462,3.9475836e-4
Fort Valley State University,GA,Selective public,0.028276326,0
Francis Marion University,SC,Selective public,0.014445205,6.5146131e-4
Franciscan University Of Steubenville,OH,Selective private,0.0062151663,0
Franklin & Marshall College,PA,Other elite schools (private and public),0.012550002,6.3821644e-5
Franklin College Of Indiana,IN,Selective private,0.011643652,0.0014606424
Franklin Pierce University,NH,Selective private,0.013234765,0
Franklin University,OH,Nonselective 4-year private,0.034656335,0.0026891793
Freed Hardeman University,TN,Selective private,0.014443509,0.0021831736
Fresno Pacific University,CA,Selective private,0.037159514,5.5975106e-5
Friends University,KS,Selective private,0.009742884,1.7820852e-5
Furman University,SC,Highly selective private,0.0069198092,3.7967076e-4
Gallaudet University,DC,Nonselective 4-year private,0.0057063936,1.7490549e-5
Gannon University,PA,Selective private,0.014403216,0.001964876
Gardner - Webb University,NC,Selective private,0.012200096,3.7945169e-6
Geneva College,PA,Selective private,0.012010647,2.5689278e-5
George Fox University,OR,Selective private,0.011665585,7.8236233e-5
George Mason University,VA,Selective public,0.030900523,4.5480029e-4
George Washington University,DC,Other elite schools (private and public),0.021565983,0.0012465151
Georgetown College,KY,Selective private,0.014632449,0.0010846436
Georgetown University,DC,Other elite schools (private and public),0.01945704,0.0036364838
Georgia College & State University,GA,Selective public,0.011395562,2.5142172e-5
Georgia Institute Of Technology,GA,Highly selective public,0.018577013,0.0015436449
Georgia Southern University,GA,Selective public,0.016830379,2.47085e-4
Georgia Southwestern State University,GA,Selective public,0.018960178,4.7376801e-5
Georgia State University,GA,Selective public,0.020784898,4.1543433e-4
Georgian Court University,NJ,Selective private,0.02104051,0
Gettysburg College,PA,Highly selective private,0.0081598666,0.0012412594
Glenville State College,WV,Selective public,0.013810954,0
Goldey-Beacom College,DE,Selective private,0.0081316652,0
Gonzaga University,WA,Highly selective private,0.0080217542,0
Gordon College,MA,Selective private,0.0059589026,0
Gordon State College,GA,Nonselective 4-year public,0.0097842505,0
Goshen College,IN,Selective private,0.010853255,1.4097491e-4
Goucher College,MD,Selective private,0.021792538,0.0012531995
Grace College And Theological Seminary,IN,Selective private,0.01632075,1.4111459e-4
Graceland University,IA,Selective private,0.02081232,9.9865101e-5
Grambling State University,LA,Selective public,0.046168223,8.0256257e-4
Grand Valley State University,MI,Selective public,0.0079063745,3.5015645e-4
Grand View University,IA,Selective private,0.015049594,0
Great Basin College,NV,Nonselective 4-year public,0.021709193,0
Green Mountain College,VT,Selective private,0.015690058,2.0058277e-4
Greensboro College,NC,Selective private,0.0058948286,0
Greenville College,IL,Selective private,0.014662865,8.6204825e-5
Grinnell College,IA,Highly selective private,0.014552889,0.0033151554
Guilford College,NC,Selective private,0.0084330942,4.6902351e-5
Gulf Coast State College,FL,Nonselective 4-year public,0.01816424,7.5278454e-5
Gustavus Adolphus College,MN,Highly selective private,0.0066766385,0.0011127309
Gwynedd Mercy University,PA,Selective private,0.013760934,1.4004892e-5
Hallmark College Of Technology,TX,Nonselective 4-year private,0.055862065,0
Hamilton College,NY,Other elite schools (private and public),0.023019336,0.0015902122
Hamline University,MN,Selective private,0.01494779,4.9860566e-5
Hampden Sydney College,VA,Selective private,0.0064616059,9.9743123e-4
Hampshire College,MA,Highly selective private,0.0074167168,0.0010361358
Hampton University,VA,Selective private,0.021393161,3.7638546e-4
Hannibal - Lagrange University,MO,Selective private,0.012957712,0
Hanover College,IN,Selective private,0.0042376798,1.8426722e-4
Hardin-Simmons University,TX,Selective private,0.013860577,4.822865e-4
Harding University,AR,Selective private,0.0074631837,4.2803367e-5
Harris - Stowe State University,MO,Nonselective 4-year public,0.019000696,0
Hartwick College,NY,Selective private,0.016615044,0
Harvard University,MA,Ivy Plus,0.017591679,0.0041402928
Harvey Mudd College,CA,Other elite schools (private and public),0.029232727,0.0060680341
Hastings College,NE,Selective private,0.010933083,0.0012637998
Haverford College,PA,Other elite schools (private and public),0.017978437,0.0011470667
Hawaii Pacific University,HI,Selective private,0.029230911,7.4821973e-4
Heidelberg University,OH,Selective private,0.0091001345,0
Henderson State University,AR,Selective public,0.024084078,0
Hendrix College,AR,Highly selective private,0.0062430608,0.0022840239
High Point University,NC,Selective private,0.01739048,7.1326303e-6
Hilbert College,NY,Selective private,0.027616285,0
Hiram College,OH,Selective private,0.01356729,0
Hobart And William Smith Colleges,NY,Selective private,0.021943677,0.0020807018
Hodges University,FL,Nonselective 4-year private,0.013447999,1.1536216e-4
Hofstra University,NY,Selective private,0.029875586,0.0018669732
Hollins University,VA,Selective private,0.010574323,2.7259139e-4
Holy Family University,PA,Selective private,0.01699614,5.7545309e-5
Hood College,MD,Selective private,0.027859967,0
Hope College,MI,Selective private,0.0053216363,4.8366954e-4
Houghton College,NY,Selective private,0.018982267,0.0011887472
Houston Baptist University,TX,Selective private,0.024330314,0.0011804866
Howard Payne University,TX,Selective private,0.021346293,3.1481191e-4
Howard University,DC,Selective private,0.040040046,9.3534752e-4
Humboldt State University,CA,Selective public,0.016260199,4.8747731e-4
Huntingdon College,AL,Selective private,0.018319014,0.0077868756
Huntington University,IN,Selective private,0.0055070887,2.5386873e-4
Husson University,ME,Selective private,0.019603565,1.9185463e-5
Idaho State University,ID,Selective public,0.011982939,0
Illinois College,IL,Selective private,0.014177011,0
Illinois Institute Of Technology,IL,Highly selective private,0.036340974,0.0027319
Illinois State University,IL,Selective public,0.010804862,4.0166409e-4
Illinois Wesleyan University,IL,Highly selective private,0.010769322,5.9966242e-4
Immaculata University,PA,Selective private,0.0080032125,0
Indian River State College,FL,Nonselective 4-year public,0.019091338,2.7008407e-4
Indiana Institute Of Technology,IN,Selective private,0.012844061,7.5702657e-5
Indiana State University,IN,Selective public,0.010691955,2.0295578e-5
Indiana University Of Pennsylvania,PA,Selective public,0.014237016,4.9029104e-4
Indiana University System,IN,Selective public,0.009217469,4.8961764e-4
Iona College,NY,Selective private,0.030527983,4.4376118e-4
Iowa State University Of Science & Technology,IA,Selective public,0.01310383,4.9112114e-4
Ithaca College,NY,Selective private,0.013821164,5.1076902e-4
Jackson State University,MS,Selective public,0.029727178,6.9369806e-4
Jacksonville State University,AL,Selective public,0.01316584,2.7332126e-4
Jacksonville University,FL,Selective private,0.012346011,4.2673113e-5
James Madison University,VA,Selective public,0.0074854619,1.1002711e-4
Jamestown College,ND,Selective private,0.024772471,0.0019299859
John Brown University,AR,Selective private,0.021008391,2.9777862e-5
John Carroll University,OH,Selective private,0.0097164838,4.6698994e-4
Johns Hopkins University,MD,Other elite schools (private and public),0.021514801,0.0053945119
Johnson & Wales University,RI,Selective private,0.018311018,1.4411316e-4
Johnson University,TN,Nonselective 4-year private,0.0039264327,1.8118815e-5
Judson University,IL,Selective private,0.012514249,0
Juniata College,PA,Selective private,0.021759938,0.0010890006
Kalamazoo College,MI,Highly selective private,0.010934224,9.6701074e-4
Kansas City Art Institute,MO,Nonselective 4-year private,1.1089424e-4,1.1089424e-4
Kansas State University,KS,Selective public,0.012689818,1.7547995e-4
Kansas Wesleyan University,KS,Selective private,0,0
Kean University,NJ,Selective public,0.034185618,3.3114108e-4
Keene State College,NH,Selective public,0.009485594,3.9398953e-4
Keiser University,FL,Nonselective 4-year private,0.017503604,7.8468365e-6
Kennesaw State University,GA,Selective public,0.011789772,4.1766476e-4
Kent State University,OH,Selective public,0.010914355,1.9125368e-4
Kentucky Christian University,KY,Selective private,0.0042522736,2.2432019e-4
Kentucky State University,KY,Selective public,0.019366039,1.0118069e-5
Kentucky Wesleyan College,KY,Selective private,0.014455378,0
Kenyon College,OH,Other elite schools (private and public),0.006436008,0.0016890481
Kettering University,MI,Highly selective private,0.031106485,0
Keuka College,NY,Selective private,0.022801867,0
Keystone College,PA,Selective private,0.010262592,0
King University,TN,Selective private,3.4503455e-4,2.1513628e-5
"King's College of Wilkes-Barre, PA",PA,Selective private,0.016503258,0.0016311306
Knox College,IL,Highly selective private,0.010817061,6.9381553e-4
Kutztown University Of Pennsylvania,PA,Selective public,0.0088745095,1.8483359e-5
La Roche College,PA,Selective private,0.022898763,0
La Salle University,PA,Selective private,0.018244173,8.7554272e-6
La Sierra University,CA,Selective private,0.032972757,0.0017199453
Lafayette College,PA,Other elite schools (private and public),0.016269231,0.001419495
Lagrange College,GA,Selective private,0.0032230143,0
Lake Erie College,OH,Selective private,7.4440107e-4,1.5178242e-5
Lake Forest College,IL,Selective private,0.017924456,1.7801653e-4
Lake Sumter State College,FL,Nonselective 4-year public,0.018196633,0
Lake Superior State University,MI,Selective public,0.013305768,3.9962128e-5
Lake Washington Institute Of Technology,WA,Nonselective 4-year public,0.01125679,0
Lakeland College,WI,Selective private,0.0055645178,0.0019117731
Lamar University,TX,Selective public,0.029002167,2.2702044e-4
Lancaster Bible College,PA,Nonselective 4-year private,0.0093620913,7.923675e-5
Lander University,SC,Selective public,0.0097744772,0
Landmark College,VT,Nonselective 4-year private,0,0
Langston University,OK,Selective public,0.01986186,3.9427345e-5
Lasell College,MA,Selective private,0.031484902,2.4624886e-5
Lawrence Technological University,MI,Selective private,0.024249569,0.0010946278
Lawrence University Of Wisconsin,WI,Highly selective private,0.011534142,5.0856801e-5
Le Moyne College,NY,Selective private,0.015694968,7.9809812e-5
Lebanon Valley College,PA,Selective private,0.012868647,9.5686887e-4
Lee University,TN,Selective private,0.01377523,0
Lees-Mcrae College,NC,Selective private,0.0031134812,1.0579233e-4
Lehigh University,PA,Other elite schools (private and public),0.018740082,9.5511891e-4
Lenoir-Rhyne University,NC,Selective private,0.012167468,0
Lesley University,MA,Selective private,0.01264025,1.0940382e-5
Letourneau University,TX,Selective private,0.038236253,0.0024965999
Lewis & Clark College,OR,Selective private,0.013648864,0.0016227686
Lewis University,IL,Selective private,0.016398102,1.7064222e-5
Lewis-Clark State College,ID,Selective public,0.021265127,3.624996e-5
Limestone College,SC,Selective private,0.0072934655,2.746403e-5
Lincoln Christian University,IL,Nonselective 4-year private,0.0029058941,0
Lincoln College,IL,Nonselective 4-year private,0.0071319486,1.733932e-4
Lincoln Memorial University,TN,Selective private,0.020953804,7.6622251e-5
"Lincoln University of Jefferson City, MO",MO,Nonselective 4-year public,0.016231382,0
"Lincoln University of Lincoln University, PA",PA,Selective public,0.033566434,0
Lindenwood University,MO,Selective private,0.0094058346,1.7255663e-5
Lindsey Wilson College,KY,Selective private,0.015122303,0.001251295
Linfield College,OR,Selective private,0.009520215,6.3419109e-5
Lipscomb University,TN,Selective private,0.006195535,6.7729387e-4
Lock Haven University Of Pennsylvania,PA,Selective public,0.010481519,6.7079632e-6
Long Island University System,NY,Selective private,0.055359606,0.0023812095
Longwood University,VA,Selective public,0.0065998333,8.2127005e-4
Loras College,IA,Selective private,0.00952625,9.9707185e-4
Louisiana College,LA,Selective private,0.019554704,5.8038393e-5
Louisiana State University In Shreveport,LA,Selective public,0.019494791,0.001877796
Louisiana State University System,LA,Selective public,0.02137957,0.0014574247
Louisiana Tech University,LA,Selective public,0.022207914,9.081536e-4
Lourdes University,OH,Selective private,0.001718455,0
Loyola Marymount University,CA,Selective private,0.024588708,0.0016685484
Loyola University Chicago,IL,Highly selective private,0.030813236,0.0018193674
Loyola University Maryland,MD,Highly selective private,0.0067202942,8.5558172e-4
Loyola University New Orleans,LA,Highly selective private,0.015620732,0.0015042003
Lubbock Christian University,TX,Selective private,0.015160448,3.336609e-5
Luther College,IA,Selective private,0.0098190969,0
Lycoming College,PA,Selective private,0.0045768674,0
Lynn University,FL,Selective private,0.01754616,0.0012776159
MCP Hahnemann And Drexel Universities,PA,Selective private,0.033046082,0.0010594841
MCPHS University,MA,Nonselective 4-year private,0.093435071,0.0096385116
MacMurray College,IL,Selective private,0.023021029,0.0020482736
Macalester College,MN,Other elite schools (private and public),0.0139422,1.2773109e-4
Madison Area Technical College,WI,Nonselective 4-year public,0.0076195607,1.3695756e-5
Madonna University,MI,Selective private,0.016361732,5.9531321e-6
Maine Maritime Academy,ME,Selective public,0.034627073,0.0069370558
Malone University,OH,Selective private,0.010476858,9.7482634e-4
Manchester University,IN,Selective private,0.0044042668,0
Manhattanville College,NY,Selective private,0.0348414,0.0012057176
Mansfield University Of Pennsylvania,PA,Selective public,0.010778463,5.2264595e-4
Maranatha Baptist University,WI,Nonselective 4-year private,0.0090863556,9.5572723e-5
"Marian University of Fond Du Lac, WI",WI,Selective private,0.0067669936,7.1405222e-5
Marietta College,OH,Selective private,0.016607501,8.2171191e-6
Marist College,NY,Selective private,0.017162638,0.0018030145
Marquette University,WI,Highly selective private,0.011462465,8.4768678e-4
Mars Hill University,NC,Selective private,0.013681385,4.2104708e-5
Marshall University,WV,Selective public,0.016595608,3.3210564e-4
Martin Methodist College,TN,Nonselective 4-year private,0.036278673,1.0258463e-4
Mary Baldwin College,VA,Selective private,0.011975961,0
Maryland Institute College Of Art,MD,Nonselective 4-year private,0.015447689,6.4701715e-5
Marymount California University,CA,Nonselective 4-year private,0.018336337,0.0024247994
Marymount Manhattan College,NY,Selective private,0.032945585,9.7015925e-4
Marymount University,VA,Selective private,0.034363579,0
Maryville College,TN,Selective private,0.012819733,4.8330472e-5
Maryville University Of Saint Louis,MO,Selective private,0.012820481,2.7100507e-6
Marywood University,PA,Selective private,0.0083087683,5.8862788e-5
Massachusetts College Of Art And Design,MA,Nonselective 4-year public,0.013365985,0
Massachusetts College Of Liberal Arts,MA,Selective public,0.013480057,3.9658309e-5
Massachusetts Institute Of Technology,MA,Ivy Plus,0.033982009,0.0068486053
Massachusetts Maritime Academy,MA,Selective public,0.019935429,0.0032809617
Master's College & Seminary,CA,Selective private,0.010637505,1.5026671e-5
Mayville State University,ND,Selective public,0.012299011,4.8939837e-6
McDaniel College,MD,Selective private,0.015907239,0.0018206226
McKendree University,IL,Selective private,0.004864566,0
McMurry University,TX,Selective private,0.028226078,0
McPherson College,KS,Selective private,0.034085538,0
Mcneese State University,LA,Selective public,0.025569314,9.8661077e-4
Medaille College,NY,Selective private,0.021728449,0
Mercer University,GA,Selective private,0.021415448,0.0011548791
Mercy College,NY,Selective private,0.035249505,4.437286e-5
Mercyhurst University,PA,Selective private,0.0083564883,1.3835642e-5
Meredith College,NC,Selective private,0.012782317,8.5010525e-4
Merrimack College,MA,Selective private,0.0077797174,0
Messiah College,PA,Selective private,0.011928859,7.8543334e-4
Methodist University,NC,Selective private,0.031531721,7.7137607e-5
Metropolitan State University Of Denver,CO,Selective public,0.0099023478,5.1885086e-6
Miami Dade Community College System,FL,Nonselective 4-year public,0.046087939,5.4787472e-4
Miami University,OH,Selective public,0.0077545019,2.3074354e-4
Michigan State University,MI,Selective public,0.013878376,8.371743e-4
Michigan Technological University,MI,Selective public,0.017467972,3.469435e-4
Midamerica Nazarene University,KS,Selective private,0.0075826203,0
Middle Georgia State College,GA,Nonselective 4-year public,0.018238416,0
Middle Tennessee State University,TN,Selective public,0.011028236,2.2427327e-4
Middlebury College,VT,Other elite schools (private and public),0.012677005,0.0017261272
Midland College,TX,Nonselective 4-year public,0.048402563,8.852256e-4
Midland University,NE,Selective private,0.0083030993,7.1651768e-5
Midwestern State University,TX,Selective public,0.020030687,0.002012003
Millersville University Of Pennsylvania,PA,Selective public,0.0089512076,8.660295e-6
Milligan College,TN,Selective private,0.0095936423,0
Millikin University,IL,Selective private,0.011048079,4.6196255e-5
Mills College,CA,Selective private,0.032862529,0.0059159733
Millsaps College,MS,Selective private,0.017996125,0.0010815749
Milwaukee Institute Of Art & Design,WI,Nonselective 4-year private,0.015486031,0
Milwaukee School Of Engineering,WI,Highly selective private,0.018848887,8.9678098e-4
Minneapolis College Of Art & Design,MN,Nonselective 4-year private,0.013146075,0
"Minnesota State University System, Century And Various Other Minnesota Community Colleges",MN,Selective public,0.011335982,1.1098021e-4
Minot State University,ND,Selective public,0.020477919,5.9638097e-4
Misericordia  University,PA,Selective private,0.020134674,1.010142e-5
Mississippi College,MS,Selective private,0.011761039,4.9519927e-5
Mississippi State University,MS,Selective public,0.017684894,6.87038e-4
Mississippi University For Women,MS,Selective public,0.026654826,0.0015001518
Mississippi Valley State University,MS,Selective public,0.03947296,3.7467365e-5
Missouri Baptist University,MO,Selective private,0.0017413279,0
Missouri Southern State University,MO,Selective public,0.017238347,7.3050929e-4
Missouri State University,MO,Selective public,0.011580038,3.8836448e-4
Missouri Valley College,MO,Selective private,0.012052591,7.7615347e-5
Missouri Western State University,MO,Selective public,0.015143937,3.207562e-4
Mitchell College,CT,Selective private,0.0091045229,0
Monmouth College,IL,Selective private,0.01511289,0
Monmouth University,NJ,Selective private,0.020736568,0
Montana State University - Billings,MT,Selective public,0.015617129,3.784422e-4
Montana State University - Northern,MT,Selective public,0.036096528,0
Montana State University Bozeman,MT,Selective public,0.014773595,1.8750636e-4
Montana Tech Of The University Of Montana,MT,Selective public,0.033390671,0.003969186
Montclair State University,NJ,Selective public,0.031705961,7.0308102e-4
Moody Bible Institute,IL,Nonselective 4-year private,0.01601701,1.2598635e-5
Moravian College,PA,Selective private,0.013847758,0
Morehead State University,KY,Selective public,0.017078405,5.5471672e-5
Morehouse College,GA,Selective private,0.03098028,6.395403e-5
Morningside College,IA,Selective private,0.018422524,1.0368355e-4
Mount Aloysius College,PA,Selective private,0.012886406,7.2619587e-5
Mount Holyoke College,MA,Highly selective private,0.025985811,0.0025918151
Mount Ida College,MA,Selective private,0.013384931,0
Mount Marty College,SD,Selective private,0.015407146,0.0037362357
Mount Mary University,WI,Selective private,0.011010212,1.1519789e-4
Mount Mercy University,IA,Selective private,0.015141819,1.2034187e-4
Mount Saint Mary College,NY,Selective private,0.03293195,3.3690132e-5
Mount Saint Mary's University,MD,Selective private,0.0097342851,0
Mount St. Mary's College,CA,Selective private,0.063886866,0.0015052154
Mount Vernon Nazarene University,OH,Selective private,0.0080199577,2.7300344e-5
Muhlenberg College,PA,Highly selective private,0.010286807,0.0020260571
Multnomah University,OR,Nonselective 4-year private,0.014522634,0
Murray State University,KY,Selective public,0.014342665,0
Muskingum University,OH,Selective private,0.0093349544,4.3569249e-5
Nazareth College Of Rochester,NY,Selective private,0.0067328531,9.1790287e-5
Nebraska Wesleyan University,NE,Selective private,0.006083061,6.225612e-5
Neumann University,PA,Selective private,0.013220158,2.3360411e-5
Nevada State College,NV,Nonselective 4-year public,4.5245135e-4,0
New England College,NH,Selective private,0.008709291,0
New England Institute Of Technology,RI,Nonselective 4-year private,0.019461485,4.4438304e-4
New Jersey City University,NJ,Selective public,0.053184673,0
New Jersey Institute Of Technology,NJ,Selective public,0.064678028,0.0010885715
New Mexico Highlands University,NM,Selective public,0.03087878,8.4321982e-5
New Mexico Institute Of Mining & Technology,NM,Highly selective public,0.039902415,0.0030106313
New Mexico State University,NM,Selective public,0.031813055,8.1590377e-4
"New School, The",NY,Nonselective 4-year private,0.029008023,0.0011655396
New York City College Of Technology Of The City University Of New,NY,Selective public,0.083340757,7.0140383e-4
New York Institute Of Technology,NY,Selective private,0.054028045,1.5123493e-5
New York University,NY,Other elite schools (private and public),0.036272708,0.0051718312
Newberry College,SC,Selective private,0.00889559,0
Newman University,KS,Selective private,0.0034396648,6.9454771e-5
Niagara University,NY,Selective private,0.0149982,0.0013482206
Nicholls State University,LA,Selective public,0.028574781,0.0012937767
Nichols College,MA,Selective private,0.023336964,8.3297818e-5
Norfolk State University,VA,Selective public,0.034440201,0
North Carolina Agricultural & Technical State University,NC,Selective public,0.027148971,0
North Carolina Central University,NC,Selective public,0.028412145,5.3285819e-4
North Carolina State University,NC,Selective public,0.013513586,6.0019048e-4
North Carolina Wesleyan College,NC,Selective private,0.01446971,0
North Central College,IL,Selective private,0.01095138,1.1639297e-5
North Central University,MN,Selective private,0.0083867377,7.7104953e-5
North Dakota State University - Main Campus - Fargo,ND,Selective public,0.016936833,7.9503073e-4
North Greenville University,SC,Nonselective 4-year private,0.011263216,9.6206626e-5
North Park University,IL,Selective private,0.017052133,0
North Seattle College,WA,Nonselective 4-year public,0.021387789,5.5913843e-5
Northeastern Illinois University,IL,Selective public,0.031765535,3.5833358e-4
Northeastern State University,OK,Selective public,0.02204542,7.8721892e-4
Northeastern University,MA,Highly selective private,0.024375604,8.9390454e-4
Northern Illinois University,IL,Selective public,0.016347265,3.2888772e-4
Northern Kentucky University,KY,Selective public,0.0093852589,2.1264497e-4
Northern Michigan University,MI,Selective public,0.013368618,9.7450566e-6
Northland College,WI,Selective private,0.0056189671,0
Northwest Florida State College,FL,Nonselective 4-year public,0.014743016,2.665401e-4
Northwest Missouri State University,MO,Selective public,0.0095001664,7.996026e-4
Northwest Nazarene University,ID,Selective private,0.013963337,3.0228884e-5
Northwest University,WA,Selective private,0.01429916,9.4687181e-5
"Northwestern College of Orange City, IA",IA,Selective private,0.011893411,2.0857298e-4
Northwestern Michigan College,MI,Nonselective 4-year public,0.010663517,0
Northwestern Oklahoma State University,OK,Selective public,0.018086972,0
Northwestern State University,LA,Selective public,0.02783468,0.0017251825
Northwestern University,IL,Other elite schools (private and public),0.016942441,0.002434755
Northwood University,MI,Selective private,0.023574322,0.0029508318
Norwich University,VT,Selective private,0.027689336,0
Notre Dame Of Maryland University,MD,Selective private,0.022400821,0
Nova Southeastern University,FL,Selective private,0.032588042,0
Nyack College,NY,Selective private,0.037367687,0
Oakland City University,IN,Selective private,0.0033326682,6.4481996e-5
Oakland University,MI,Selective public,0.011023696,0
Oberlin College,OH,Other elite schools (private and public),0.012481108,9.4602274e-4
Occidental College,CA,Other elite schools (private and public),0.033389218,0.0017558632
Oglethorpe University,GA,Selective private,0.023360895,8.2332765e-5
Ohio Dominican University,OH,Selective private,0.011736508,2.9817185e-5
Ohio Northern University,OH,Selective private,0.015782932,0.0017072674
Ohio University,OH,Selective public,0.0077718832,1.2512918e-4
Ohio Wesleyan University,OH,Selective private,0.017458169,9.0873661e-4
Oklahoma Baptist University,OK,Selective private,0.0067705675,0.001072619
Oklahoma Christian University,OK,Selective private,0.012590239,0
Oklahoma City University,OK,Selective private,0.014778396,0.0017118154
Oklahoma Panhandle State University,OK,Selective public,0.025308723,4.0589021e-5
Oklahoma State University,OK,Selective public,0.020010026,0.0011070054
Oklahoma State University - Oklahoma City,OK,Nonselective 4-year public,0.016382834,0
Oklahoma State University Institute Of Technology - Okmulgee,OK,Nonselective 4-year public,0.026352976,5.7611789e-4
Old Dominion University,VA,Selective public,0.023708621,1.9887734e-4
Olivet College,MI,Selective private,0.012264696,0
Olivet Nazarene University,IL,Selective private,0.012181556,1.5567575e-5
Olympic College,WA,Nonselective 4-year public,0.0091182217,0
Oral Roberts University,OK,Selective private,0.01434755,0
Oregon Institute Of Technology,OR,Selective public,0.035221688,0.001072816
Oregon State University,OR,Selective public,0.016455978,7.9914305e-4
Otis College Of Art & Design,CA,Nonselective 4-year private,0.042668778,5.3112406e-5
Ottawa University,AZ,Nonselective 4-year private,0.0075951894,2.9569637e-4
Otterbein University,OH,Selective private,0.012216149,0
Ouachita Baptist University,AR,Selective private,0.023570523,1.3547484e-4
Our Lady Of Holy Cross College,LA,Selective private,0.018520266,1.9828662e-4
Our Lady Of The Lake College,LA,Nonselective 4-year private,0.0089230789,1.41842e-6
Our Lady Of The Lake University,TX,Selective private,0.036030967,7.7741213e-5
Ozark Christian College,MO,Nonselective 4-year private,0.01219454,0
Pace University,NY,Selective private,0.084326468,0.0041901637
Pacific Lutheran University,WA,Selective private,0.0094195455,6.5412431e-4
Pacific Union College,CA,Selective private,0.027723918,0.0063170469
Pacific University,OR,Selective private,0.01356675,0
Paine College,GA,Selective private,0.020358527,7.4311902e-6
Palm Beach Atlantic University,FL,Selective private,0.015135125,8.34518e-5
Palm Beach State College,FL,Nonselective 4-year public,0.019405609,3.1704045e-4
Park University,MO,Selective private,0.038710412,2.4137785e-6
Paul Smith's College Of Arts & Sciences,NY,Nonselective 4-year private,0.020132689,0
Peninsula College,WA,Nonselective 4-year public,0.020161942,1.3580384e-4
Pennsylvania College Of Technology,PA,Selective public,0.016200243,0
Pennsylvania State University,PA,Selective public,0.017627658,7.071303e-4
Pensacola State College,FL,Nonselective 4-year public,0.013259612,4.0105305e-4
Pepperdine University,CA,Highly selective private,0.018597502,0.0029772737
Peru State College,NE,Selective public,0.012720671,0
Pfeiffer University,NC,Selective private,0.015698779,1.3240069e-4
Philadelphia University,PA,Selective private,0.020442298,0.0013361502
Philander Smith College,AR,Selective private,0.0099397274,0
Piedmont College,GA,Selective private,0.0070336601,1.1755888e-5
Pittsburg State University,KS,Selective public,0.015296591,3.7613176e-4
Pitzer College,CA,Highly selective private,0.022146214,0.0017053715
Plymouth State University Of The University System Of New Hampshire,NH,Selective public,0.010567838,1.1180568e-5
Point Loma Nazarene University,CA,Selective private,0.014089341,0.0013588076
Point Park University,PA,Selective private,0.015400576,0
Polk State College,FL,Nonselective 4-year public,0.020786051,2.7587853e-4
Pomona College,CA,Other elite schools (private and public),0.019502569,6.2907249e-4
Portland State University,OR,Selective public,0.020111205,0.0014336329
Prairie View Agricultural & Mechanical University,TX,Selective public,0.034532607,5.6741555e-4
Pratt Institute,NY,Nonselective 4-year private,0.026439195,0.0014136172
Presbyterian College,SC,Selective private,0.011835594,0.0013418283
Princeton University,NJ,Ivy Plus,0.013457949,0.0029252854
Providence College,RI,Highly selective private,0.0093238577,0.0010404207
Purdue University,IN,Selective public,0.010032993,1.937934e-4
Queens University Of Charlotte,NC,Selective private,0.026364388,6.6991965e-6
Quincy University,IL,Selective private,0.010007878,0
Quinnipiac University,CT,Highly selective private,0.0090074828,1.040901e-4
Radford University,VA,Selective public,0.0096741868,4.1191309e-4
Ramapo College Of New Jersey,NJ,Highly selective public,0.025084743,0
Randolph - Macon College,VA,Selective private,0.0064757913,9.6411051e-5
Randolph College,VA,Selective private,0.0099733053,0.0030082325
Ranken Technical College,MO,Nonselective 4-year private,0.009561928,9.1002163e-5
Reed College,OR,Other elite schools (private and public),0.011408932,0
Regis College,MA,Selective private,0.023588927,0
Regis University,CO,Selective private,0.015786842,1.1164982e-5
Reinhardt University,GA,Selective private,0.012624418,2.5581865e-5
Rensselaer Polytechnic Institute,NY,Other elite schools (private and public),0.030490816,0.0033770595
Rhode Island College,RI,Selective public,0.014993242,2.9964928e-4
Rhode Island School Of Design,RI,Nonselective 4-year private,0.013392131,9.8513695e-4
Rhodes College,TN,Highly selective private,0.012574136,0.0048445496
Rice University,TX,Other elite schools (private and public),0.01603426,0.0026360333
Richard Stockton College Of New Jersey,NJ,Selective public,0.018967113,0
Rider University,NJ,Selective private,0.021870352,0.0017473081
Ringling College Of Art & Design,FL,Nonselective 4-year private,0.010817676,1.0257918e-4
Ripon College,WI,Selective private,0.015475043,2.5125389e-4
Roanoke College,VA,Selective private,0.010248341,0
Robert Morris University,PA,Selective private,0.025243485,7.0292008e-5
Robert Morris University Illinois,IL,Nonselective 4-year private,0.027835844,0
Roberts Wesleyan College,NY,Selective private,0.0084154233,3.2228141e-5
Rochester Institute Of Technology,NY,Selective private,0.03271028,0.0011170633
Rockford University,IL,Selective private,0.016759682,0
Rockhurst University,MO,Selective private,0.016252588,4.588089e-5
Rocky Mountain College,MT,Selective private,0.035964228,1.0851319e-4
Roger Williams University,RI,Selective private,0.01064077,9.3727873e-4
Rogers State University,OK,Nonselective 4-year public,0.01504637,0
Rollins College,FL,Highly selective private,0.0128005,7.8474492e-4
Roosevelt University,IL,Selective private,0.031764559,0
Rose - Hulman Institute Of Technology,IN,Other elite schools (private and public),0.022180673,0.0017583617
Rowan University,NJ,Selective public,0.018180341,0
Rust College,MS,Selective private,0.023471,7.4280222e-5
"Rutgers, The State University Of New Jersey",NJ,Highly selective public,0.037468784,0.0020126493
SUNY At Fredonia,NY,Selective public,0.01159788,2.5492236e-6
SUNY College At Brockport,NY,Selective public,0.016267536,1.5107606e-5
SUNY College At Buffalo,NY,Selective public,0.018443212,0
SUNY College At Cortland,NY,Selective public,0.017234307,3.3970614e-4
SUNY College At Geneseo,NY,Highly selective public,0.017466716,9.2969462e-4
SUNY College At Old Westbury,NY,Selective public,0.050406143,0
SUNY College At Oneonta,NY,Selective public,0.018011078,3.2439502e-4
SUNY College At Oswego,NY,Selective public,0.017234406,3.1540616e-4
SUNY College At Purchase,NY,Selective public,0.018390216,6.4686732e-4
SUNY College Of Agriculture & Technology At Cobleskill,NY,Selective public,0.013682729,3.114836e-5
SUNY College Of Agriculture & Technology At Morrisville,NY,Nonselective 4-year public,0.026970929,0
SUNY College Of Technology At Alfred,NY,Selective public,0.020553736,4.9500668e-4
SUNY College Of Technology At Canton,NY,Nonselective 4-year public,0.025015842,9.0843341e-6
SUNY College Of Technology At Delhi,NY,Nonselective 4-year public,0.017053617,0
SUNY Empire State College,NY,Nonselective 4-year public,0.0360354,2.0589216e-5
SUNY Maritime College,NY,Selective public,0.022504309,0.0057912329
SUNY Upstate Medical University And SUNY College Of Environment Science And Forestry,NY,Selective public,0.018566083,6.4398232e-6
Sacred Heart University,CT,Selective private,0.019537028,0.0025196956
Sage Colleges,NY,Selective private,0.020342322,7.1375929e-5
Saginaw Valley State University,MI,Selective public,0.012916086,1.4923024e-5
Saint Ambrose University,IA,Selective private,0.0077696261,9.2850736e-5
Saint Anselm College,NH,Selective private,0.009693183,8.0432808e-5
Saint Augustine College,IL,Nonselective 4-year private,0.011151641,7.1825911e-5
Saint Augustine's University,NC,Selective private,0.017899884,0
Saint Francis College,NY,Selective private,0.06619294,8.5798767e-4
Saint Francis University,PA,Selective private,0.022233896,0
Saint John Fisher College,NY,Selective private,0.019023929,0
"Saint John's University of Collegeville, MN",MN,Selective private,0.010258666,3.4103694e-5
"Saint John's University of Queens, NY",NY,Selective private,0.067959361,0.0038071077
Saint Johns River State College,FL,Nonselective 4-year public,0.015150721,0
"Saint Joseph's College of Brooklyn, NY",NY,Selective private,0.024691625,8.1820349e-4
"Saint Joseph's College of Rensselaer, IN",IN,Selective private,0.0064639198,7.9902391e-5
"Saint Joseph's College of Standish, ME",ME,Selective private,0.0076229805,0
Saint Joseph's University,PA,Selective private,0.011201222,7.5234222e-4
Saint Leo University,FL,Selective private,0.036343481,0.0014770044
Saint Louis College Of Pharmacy,MO,Nonselective 4-year private,0.029930376,0.0047068931
Saint Louis University,MO,Selective private,0.01333356,0.0012807398
Saint Martin's University,WA,Selective private,0.030191984,0
Saint Mary's College,IN,Selective private,0.00621336,7.1229726e-5
Saint Mary's College Of California,CA,Selective private,0.029426431,9.9159521e-4
Saint Mary's University,TX,Selective private,0.051140383,0.0022527266
Saint Mary's University Of Minnesota,MN,Selective private,0.0076889568,4.8084148e-5
Saint Michael's College,VT,Selective private,0.0082741333,5.632817e-4
Saint Norbert College,WI,Selective private,0.0053353836,0
Saint Olaf College,MN,Highly selective private,0.0077091283,4.5388826e-4
Saint Peter's University,NJ,Selective private,0.054974649,0.0014468661
Saint Thomas University,FL,Selective private,0.045534585,2.0157971e-5
Saint Vincent College & Seminary,PA,Selective private,0.013035415,1.7566138e-4
Saint Xavier University,IL,Selective private,0.027966641,8.2933175e-4
Salem College,NC,Selective private,0.0084808581,1.2345807e-5
Salem State University,MA,Selective public,0.01932558,1.7333126e-6
Salve Regina University,RI,Selective private,0.01680178,5.6557026e-5
Sam Houston State University,TX,Selective public,0.020554697,3.5893061e-4
Samford University,AL,Selective private,0.0071679298,0
San Diego State University,CA,Selective public,0.036618356,0.0016755871
San Francisco State University,CA,Selective public,0.034955118,0.0014409326
San Jose State University,CA,Selective public,0.054279134,0.0021413737
Santa Clara University,CA,Highly selective private,0.022468021,0.0019997966
Santa Fe College,FL,Nonselective 4-year public,0.018114127,2.9729423e-4
Sarah Lawrence College,NY,Highly selective private,0.012169213,4.346796e-5
Savannah College Of Art And Design,GA,Nonselective 4-year private,0.009842515,3.7848574e-4
Savannah State University,GA,Selective public,0.040362801,2.088898e-5
School Of The Art Institute Of Chicago,IL,Nonselective 4-year private,0.019892462,0
School Of The Museum Of Fine Arts,MA,Nonselective 4-year private,0.013572698,2.2856703e-4
Schreiner University,TX,Selective private,0.0082969181,5.8123573e-5
Scripps College,CA,Other elite schools (private and public),0.025185836,0.0018967941
Seattle Central Community College,WA,Nonselective 4-year public,0.019780513,2.3426264e-4
Seattle Pacific University,WA,Selective private,0.013475233,0
Seattle University,WA,Selective private,0.019009631,0.0012649348
Seminole State College Of Florida,FL,Nonselective 4-year public,0.01913471,4.104478e-4
Seton Hall University,NJ,Selective private,0.03183965,0.0010200213
Seton Hill University,PA,Selective private,0.013039657,0
Shaw University,NC,Selective private,0.0286758,6.1790466e-5
Shawnee State University,OH,Selective public,0.016727358,3.8249331e-5
Shenandoah University,VA,Selective private,0.010993632,8.0600628e-5
Shepherd University,WV,Selective public,0.011038137,0
Shippensburg University Of Pennsylvania,PA,Selective public,0.013792257,0
Shorter University,GA,Selective private,0.01425923,0.0015636298
Siena College,NY,Selective private,0.01330429,0.0015666921
Siena Heights University,MI,Selective private,0.0081289317,0
Simmons College,MA,Selective private,0.023206858,0
Simpson College,IA,Selective private,0.012289778,0
Simpson University,CA,Selective private,0.016695656,0
Skidmore College,NY,Highly selective private,0.019758493,0.0013540173
Slippery Rock University,PA,Selective public,0.010988096,2.3883593e-4
Smith College,MA,Highly selective private,0.018842867,0.0010955185
Snow College,UT,Nonselective 4-year public,0.0096149491,4.6122595e-4
Sonoma State University,CA,Selective public,0.017271277,1.8929726e-5
South Carolina State University,SC,Selective public,0.027923875,9.1026295e-6
South Florida State College,FL,Nonselective 4-year public,0.015099775,0.0013077331
South Georgia State College,GA,Nonselective 4-year public,0.011333628,7.577685e-5
South Seattle Community College,WA,Nonselective 4-year public,0.032734644,2.2157206e-5
South Texas College,TX,Nonselective 4-year public,0.069092162,0.0012398629
Southeast Missouri State University,MO,Selective public,0.0095555121,2.1981077e-4
Southeastern Louisiana University,LA,Selective public,0.018495673,5.2679714e-4
Southeastern Oklahoma State University,OK,Selective public,0.03238241,3.3091641e-5
Southeastern University,FL,Selective private,0.016231846,0
Southern Adventist University,TN,Selective private,0.024383549,0.0033765445
Southern Arkansas University,AR,Selective public,0.029371753,0.0013635807
Southern Connecticut State University,CT,Selective public,0.014568358,6.1298109e-5
Southern Illinois University At Carbondale,IL,Selective public,0.01311865,3.6353088e-4
Southern Illinois University Edwardsville,IL,Selective public,0.012956618,6.1828998e-4
Southern Methodist University,TX,Highly selective private,0.017678505,0.0030452067
Southern Nazarene University,OK,Selective private,0.010273316,0
Southern New Hampshire University,NH,Selective private,0.01440589,3.2816292e-6
Southern Oregon University,OR,Selective public,0.016108815,4.6860951e-4
Southern Polytechnic State University,GA,Selective public,0.022838436,1.4679902e-5
Southern University And Agricultural & Mechanical Colg At Baton R,LA,Selective public,0.043384399,8.8826922e-4
Southern University At New Orleans,LA,Selective public,0.035815127,0.0011868534
Southern Utah University,UT,Selective public,0.0096598687,3.0200201e-4
Southern Virginia University,VA,Nonselective 4-year private,0.0086929062,1.1010319e-4
Southern Wesleyan University,SC,Selective private,0.007896171,1.0091611e-4
Southwest Baptist University,MO,Selective private,0.010602326,3.5421115e-5
Southwestern Adventist University,TX,Selective private,0.022882435,5.1952188e-4
Southwestern Assemblies Of God University,TX,Nonselective 4-year private,0.016635992,5.7690413e-5
Southwestern College,KS,Selective private,0.027011991,0.0028392537
Southwestern Oklahoma State University,OK,Selective public,0.028698593,8.5024384e-4
Southwestern University,TX,Highly selective private,0.0076792287,1.6793523e-4
Spelman College,GA,Selective private,0.032888282,0.0021256874
Spring Arbor University,MI,Selective private,0.0091817053,1.0893813e-5
Spring Hill College,AL,Selective private,0.025963189,0.0042667836
Springfield College,MA,Selective private,0.0061457339,8.1680925e-4
St. Bonaventure University,NY,Selective private,0.0066686086,4.3511187e-5
St. Catharine College,KY,Nonselective 4-year private,0.0099259363,7.9668869e-5
St. Catherine University,MN,Selective private,0.020494115,2.5081494e-5
St. Edward's University,TX,Selective private,0.026569691,0.0017550766
St. John's College,MD,Highly selective private,0.016536757,1.4964328e-4
St. Lawrence University,NY,Highly selective private,0.020602625,0.0020208352
St. Petersburg College,FL,Nonselective 4-year public,0.016878696,0
Stanford University,CA,Ivy Plus,0.022457635,0.0066273212
"State College Of Florida, Manatee-Sarasota",FL,Nonselective 4-year public,0.014946337,4.9825839e-4
State University Of New York At Albany,NY,Selective public,0.036183577,0.0022573723
State University Of New York At Buffalo,NY,Selective public,0.034704667,0.0020167581
State University Of New York At Farmingdale,NY,Selective public,0.025317978,0
State University Of New York At New Paltz,NY,Selective public,0.036890224,0.0015504799
State University Of New York At Stony Brook,NY,Highly selective public,0.084127478,0.0031922117
State University Of New York College At Plattsburgh,NY,Selective public,0.02040836,7.6709024e-4
State University Of New York College At Potsdam,NY,Selective public,0.012028201,5.9448293e-4
State University Of New York Institute Of Technology At Utica,NY,Selective public,0.024750035,0
Stephen F Austin State University,TX,Selective public,0.019608129,5.4533593e-4
Stephens College,MO,Selective private,0.0071728989,1.5551603e-4
Sterling College,KS,Selective private,0.008410993,0
Stetson University,FL,Selective private,0.026462711,0.0015605765
Stevens Henager College,UT,Nonselective 4-year private,0.012950923,0.0014165108
Stevens Institute Of Technology,NJ,Highly selective private,0.042902324,0.0022622331
Stevenson University,MD,Selective private,0.01626686,1.1272266e-5
Stillman College,AL,Selective private,0.01406983,5.9091653e-5
Stonehill College,MA,Selective private,0.006295267,6.9025889e-5
Suffolk University,MA,Selective private,0.02682866,6.4742455e-4
Sul Ross State University,TX,Selective public,0.052495364,0.0035081219
Susquehanna University,PA,Selective private,0.007308871,0
Swarthmore College,PA,Other elite schools (private and public),0.022861147,0.0060574315
Sweet Briar College,VA,Selective private,0.0080719553,0
Syracuse University,NY,Highly selective private,0.029369734,0.001833383
Tabor College,KS,Selective private,0.021576794,1.1819232e-4
Tarleton State University,TX,Selective public,0.020677008,6.5820682e-4
Taylor University,IN,Selective private,0.010390258,5.7936535e-4
Temple University,PA,Selective public,0.033044096,0.0015557451
Tennessee State University,TN,Selective public,0.029438972,6.4186554e-4
Tennessee Technological University,TN,Selective public,0.023016704,0
Tennessee Wesleyan College,TN,Selective private,0.0098634427,1.1306488e-4
Texas A&M International University,TX,Nonselective 4-year public,0.080873959,2.1582564e-5
Texas A&M University,TX,Highly selective public,0.014348201,0.0013531814
Texas A&M University - Commerce,TX,Selective public,0.019332644,5.4873421e-4
Texas A&M University - Corpus Christi,TX,Selective public,0.022967625,8.4917637e-4
Texas A&M University - Kingsville,TX,Selective public,0.05293503,0.0016247159
Texas Christian University,TX,Highly selective private,0.010120558,0.0013076975
Texas Lutheran University,TX,Selective private,0.024114691,0.0017429005
Texas Southern University,TX,Selective public,0.034088165,6.0877361e-4
Texas State University,TX,Selective public,0.014921669,3.2752563e-4
Texas Tech University,TX,Selective public,0.015510181,0.0013088087
Texas Wesleyan University,TX,Selective private,0.013073719,1.2584799e-4
Texas Woman's University,TX,Selective public,0.025340879,0
Thiel College,PA,Selective private,0.019863466,1.072935e-4
Thomas A Edison State College,NJ,Nonselective 4-year public,0.041882176,4.797932e-6
Thomas College,ME,Selective private,0.02988348,4.8033562e-5
Thomas More College,KY,Selective private,0.011097357,7.2150474e-4
Tiffin University,OH,Selective private,0.0054639587,2.8489771e-7
Transylvania University,KY,Selective private,0.015476429,0.0013789946
Trevecca Nazarene University,TN,Selective private,0.0042032902,0.0016383278
Trine University,IN,Selective private,0.019929627,7.4822252e-5
Trinity Christian College,IL,Selective private,0.011040245,1.9809246e-5
"Trinity College of Hartford, CT",CT,Highly selective private,0.019886125,0.0022425894
Trinity International University,IL,Selective private,0.0060571944,0
Trinity University,TX,Highly selective private,0.011731648,0
Trocaire College,NY,Nonselective 4-year private,0.06736102,2.2334776e-4
"Troy University And Troy State Universities, Montgomery And Dothan",AL,Selective public,0.023605941,4.6010417e-4
Truett Mcconnell College,GA,Nonselective 4-year private,0.0085553797,0.0014311242
Truman State University,MO,Selective public,0.007500594,5.1584421e-4
Tufts University,MA,Other elite schools (private and public),0.021266045,0.003530148
Tusculum College,TN,Selective private,0.0066619669,4.0778104e-5
Tuskegee University,AL,Selective private,0.052321043,0
"Union College of Barbourville, KY",KY,Selective private,0.042775631,6.9547714e-5
"Union College of Schenectady, NY",NY,Highly selective private,0.019334517,7.4113696e-4
Union University,TN,Selective private,0.019848457,3.2002736e-5
United Talmudical Seminary,NY,Nonselective 4-year private,0.071770497,0.0039573028
University Of Akron,OH,Selective public,0.012058979,4.130071e-4
University Of Alabama,AL,Selective public,0.016160509,5.7637325e-4
University Of Alabama At Birmingham,AL,Selective public,0.018933684,7.1746524e-4
University Of Alabama In Huntsville,AL,Selective public,0.023543155,0
University Of Alaska System,AK,Selective public,0.015362619,2.9547221e-4
University Of Arkansas,AR,Selective public,0.023464656,0.0016093244
University Of Arkansas At Fort Smith,AR,Nonselective 4-year public,0.019953473,0.0010301139
University Of Arkansas At Little Rock,AR,Selective public,0.020554366,0
University Of Arkansas At Monticello,AR,Selective public,0.026918091,2.5570782e-5
University Of Arkansas At Pine Bluff,AR,Selective public,0.028306451,1.3754332e-4
University Of Bridgeport,CT,Selective private,0.028920719,1.201491e-4
"University Of California, Berkeley",CA,Highly selective public,0.048850957,0.0076398184
"University Of California, Davis",CA,Selective public,0.044437986,0.0029225231
"University Of California, Irvine",CA,Highly selective public,0.067682147,0.0030904582
"University Of California, Los Angeles",CA,Other elite schools (private and public),0.055962522,0.004506941
"University Of California, Riverside",CA,Selective public,0.060172301,9.895676e-4
"University Of California, San Diego",CA,Highly selective public,0.048327465,0.0039897105
"University Of California, Santa Barbara",CA,Highly selective public,0.030754454,0.0017355393
"University Of California, Santa Cruz",CA,Selective public,0.027699087,5.7032809e-4
University Of Central Arkansas,AR,Selective public,0.021545719,0.0011306307
University Of Central Florida,FL,Selective public,0.025976531,9.1228273e-4
University Of Central Missouri,MO,Selective public,0.0084636854,0
University Of Central Oklahoma,OK,Selective public,0.01706117,8.896488e-4
University Of Charleston,WV,Selective private,0.012052436,4.6281159e-5
University Of Chicago,IL,Ivy Plus,0.019408904,0.0049604098
University Of Cincinnati,OH,Selective public,0.01036342,4.6299768e-4
University Of Colorado System,CO,Selective public,0.012256199,5.0701405e-4
University Of Connecticut,CT,Highly selective public,0.017135376,8.1910024e-4
University Of Dallas,TX,Selective private,0.01315752,2.0396748e-5
University Of Dayton,OH,Selective private,0.0064703356,4.1319488e-4
University Of Delaware,DE,Selective public,0.0087063462,3.6523925e-4
University Of Denver,CO,Selective private,0.014104524,0.0012180753
University Of Detroit Mercy,MI,Selective private,0.018596377,8.9852663e-4
University Of Evansville,IN,Selective private,0.011167428,0.0014174253
University Of Findlay,OH,Selective private,0.0098107625,0.0012144683
University Of Florida,FL,Highly selective public,0.026087113,0.002116537
University Of Georgia,GA,Highly selective public,0.01061404,0.0010381811
University Of Hartford,CT,Selective private,0.013198072,3.0669081e-4
University Of Hawaii And Hawaii Community Colleges,HI,Selective public,0.017558586,2.8338036e-4
University Of Houston System,TX,Selective public,0.049141705,0.0018027746
University Of Idaho,ID,Selective public,0.015251331,6.3386059e-4
University Of Illinois System,IL,Highly selective public,0.021192649,0.0010620097
University Of Indianapolis,IN,Selective private,0.0096931811,6.8293494e-4
University Of Iowa,IA,Selective public,0.010060681,9.7488123e-4
University Of Kansas,KS,Selective public,0.0095507437,9.6891943e-4
University Of Kentucky,KY,Selective public,0.0095957257,4.512236e-4
University Of La Verne,CA,Selective private,0.036298785,0.0011878135
University Of Louisiana At Lafayette,LA,Selective public,0.027127836,7.733517e-4
University Of Louisiana At Monroe,LA,Selective public,0.036614422,0.0014642936
University Of Louisville,KY,Selective public,0.012302854,3.0674803e-4
University Of Maine System,ME,Selective public,0.013956944,5.2320998e-4
University Of Mary,ND,Selective private,0.024269696,0.0013186499
University Of Mary Hardin-Baylor,TX,Selective private,0.019624859,8.7326759e-4
University Of Mary Washington,VA,Selective public,0.0076948632,4.9952231e-4
University Of Maryland System (Except University College) And Baltimore City Community College,MD,Highly selective public,0.022417931,7.116333e-4
University Of Maryland University College,MD,Nonselective 4-year public,0.038532518,4.1558026e-4
University Of Massachusetts System,MA,Selective public,0.020928269,6.2992959e-4
University Of Memphis,TN,Selective public,0.012482209,1.5977857e-4
University Of Miami,FL,Other elite schools (private and public),0.029765638,0.0028833125
University Of Michigan - Ann Arbor,MI,Highly selective public,0.015084569,0.0017168189
University Of Michigan - Dearborn,MI,Selective public,0.023838041,0.0023805117
University Of Michigan - Flint,MI,Selective public,0.01624147,5.8072555e-4
University Of Minnesota System,MN,Highly selective public,0.011697055,7.4294565e-4
University Of Mississippi,MS,Selective public,0.016521731,9.9206087e-4
University Of Missouri System And Missouri University Of Science And Technology,MO,Selective public,0.011646654,6.0673495e-4
University Of Mobile,AL,Selective private,0.01024286,7.358678e-5
University Of Montana,MT,Selective public,0.013028888,1.3244718e-6
University Of Montana Western,MT,Selective public,0.018436743,0.0017162486
University Of Montevallo,AL,Selective public,0.010199877,0
University Of Mount Olive,NC,Selective private,0.012975934,1.5502357e-5
University Of Mount Union,OH,Selective private,0.011336589,0.001284437
University Of Nebraska System,NE,Selective public,0.012720068,4.0815069e-4
"University Of Nevada , Reno",NV,Selective public,0.011658425,6.7631056e-4
University Of Nevada - Las Vegas,NV,Selective public,0.018881215,4.7213543e-4
University Of New England,ME,Selective private,0.010725766,6.2388513e-5
University Of New Hampshire,NH,Selective public,0.011960809,6.2590512e-4
University Of New Haven,CT,Selective private,0.018366631,5.1887302e-5
University Of New Mexico,NM,Selective public,0.020363495,3.7016632e-4
University Of New Orleans,LA,Selective public,0.030657338,6.6367112e-4
University Of North Alabama,AL,Selective public,0.014887502,4.2706306e-4
University Of North Carolina  Asheville,NC,Selective public,0.0070221387,4.380797e-5
University Of North Carolina - Chapel Hill,NC,Other elite schools (private and public),0.011518728,8.7036582e-4
University Of North Carolina - Charlotte,NC,Selective public,0.01638039,3.142049e-4
University Of North Carolina - Greensboro,NC,Selective public,0.012650148,5.660468e-4
University Of North Carolina At Pembroke,NC,Selective public,0.019961538,2.6338612e-5
University Of North Carolina At Wilmington,NC,Selective public,0.0071167783,0
University Of North Carolina School Of The Arts,NC,Nonselective 4-year public,0.01387042,6.5260559e-5
University Of North Dakota,ND,Selective public,0.015714563,3.7313631e-4
University Of North Florida,FL,Selective public,0.016936943,7.0068804e-6
University Of North Georgia,GA,Selective public,0.012176153,4.8715892e-4
University Of North Texas,TX,Selective public,0.014619863,2.2100797e-4
University Of Northern Colorado,CO,Selective public,0.010328252,1.7984951e-4
University Of Northern Iowa,IA,Selective public,0.01121862,6.0614594e-4
University Of Northwestern- St Paul,MN,Selective private,0.010495855,2.5840962e-5
University Of Notre Dame,IN,Other elite schools (private and public),0.0089727286,0.001743529
University Of Oklahoma,OK,Selective public,0.019244652,0.001142643
University Of Oregon,OR,Selective public,0.014200409,0.001079015
University Of Pennsylvania,PA,Ivy Plus,0.020525046,0.0051114415
University Of Pikeville,KY,Selective private,0.015828652,1.3034676e-4
University Of Pittsburgh System,PA,Highly selective public,0.01799047,7.8051985e-4
University Of Portland,OR,Selective private,0.0092387525,8.647392e-5
University Of Puget Sound,WA,Highly selective private,0.0073641879,6.49305e-4
University Of Redlands,CA,Selective private,0.017173236,0
University Of Rhode Island,RI,Selective public,0.015883412,0
University Of Richmond,VA,Other elite schools (private and public),0.0064246743,4.286216e-4
University Of Rio Grande,OH,Selective private,0.012656126,4.1185078e-5
University Of Rochester,NY,Other elite schools (private and public),0.030212082,0.0037142779
"University Of Saint Francis of Fort Wayne, IN",IN,Selective private,0.0084346281,0.0014324071
"University Of Saint Francis of Joliet, IL",IL,Selective private,0.013452135,0
University Of Saint Joseph,CT,Selective private,0.030457607,0
"University Of Saint Thomas of Houston, TX",TX,Selective private,0.028413193,5.8549729e-5
"University Of Saint Thomas of Saint Paul, MN",MN,Selective private,0.0097989738,2.7057002e-4
University Of San Diego,CA,Highly selective private,0.023036603,5.1459868e-4
University Of San Francisco,CA,Selective private,0.027077734,5.3568848e-4
University Of Science & Arts Of Oklahoma,OK,Selective public,0.020168917,6.222738e-5
University Of Scranton,PA,Selective private,0.015549001,7.2749011e-4
University Of Sioux Falls,SD,Selective private,0.014573715,6.1268467e-5
University Of South Alabama,AL,Selective public,0.019542847,2.5485171e-4
University Of South Carolina System,SC,Selective public,0.016827494,4.4944926e-4
"University Of South Dakota, South Dakota State Universities And South Dakota School Of Mines And Technology",SD,Selective public,0.016158605,9.2672207e-4
University Of South Florida,FL,Selective public,0.027492894,0.001806843
University Of Southern California,CA,Other elite schools (private and public),0.039329737,0.0032740091
University Of Southern Indiana,IN,Selective public,0.006327522,1.8191617e-4
University Of Southern Mississippi,MS,Selective public,0.021440152,8.3912368e-4
University Of Tampa,FL,Selective private,0.026373705,0
University Of Tennessee System,TN,Selective public,0.012680815,8.5210177e-4
University Of Texas - Pan American,TX,Selective public,0.076487988,0.0025139302
University Of Texas At Arlington,TX,Selective public,0.025995217,0.0011846466
University Of Texas At Austin,TX,Highly selective public,0.022225698,0.0020473851
University Of Texas At Brownsville,TX,Nonselective 4-year public,0.06644889,0.001444945
University Of Texas At Dallas,TX,Highly selective public,0.024302004,0.0021781768
University Of Texas At El Paso,TX,Selective public,0.06820751,0.0010027139
University Of Texas At San Antonio,TX,Selective public,0.029185917,7.3564734e-4
University Of Texas At Tyler,TX,Nonselective 4-year public,0.021375498,0
University Of Texas Of The Permian Basin,TX,Nonselective 4-year public,0.029882222,0.0073725837
University Of The Arts,PA,Nonselective 4-year private,0.0064592357,0
University Of The Cumberlands,KY,Selective private,0.023227936,7.927003e-5
University Of The District Of Columbia,DC,Selective public,0.03778879,0
University Of The Incarnate Word,TX,Selective private,0.028314995,0.0011116622
University Of The Ozarks,AR,Selective private,0.0093466211,0
University Of The Pacific,CA,Selective private,0.04254083,5.4433756e-4
University Of The Sciences In Philadelphia,PA,Selective private,0.033514135,8.1698836e-6
University Of The South,TN,Highly selective private,0.011153774,7.9904991e-4
University Of Toledo,OH,Selective public,0.011262643,2.2750716e-4
University Of Tulsa,OK,Highly selective private,0.011506592,7.5467146e-4
University Of Utah,UT,Selective public,0.011315004,4.6642942e-4
University Of Vermont And State Agricultural College,VT,Selective public,0.011759596,9.0163994e-6
University Of Virginia,VA,Other elite schools (private and public),0.014619415,0.001019173
University Of Virginia's College At Wise,VA,Selective public,0.024868697,0
University Of Washington System,WA,Selective public,0.024520488,0.0014539137
University Of West Alabama,AL,Selective public,0.024878439,5.2374155e-5
University Of West Florida,FL,Selective public,0.02001611,3.8712187e-4
University Of West Georgia,GA,Selective public,0.014645496,0
University Of Wisconsin System,WI,Highly selective public,0.0087985052,2.1696437e-4
University Of Wyoming,WY,Selective public,0.015060502,4.6182488e-4
Upper Iowa University,IA,Selective private,0.014431433,0
Urbana University,OH,Selective private,0.0052408893,0
Ursinus College,PA,Selective private,0.0096541364,1.2437408e-4
Ursuline College,OH,Selective private,0.017069841,0
Utah State University,UT,Selective public,0.0064854589,2.5162735e-4
Utah Valley University,UT,Nonselective 4-year public,0.0092348391,9.0082656e-5
Utica College,NY,Selective private,0.05026231,0.0038545625
Valdosta State University,GA,Selective public,0.012920764,4.6497303e-6
Valencia College,FL,Nonselective 4-year public,0.021379003,4.0104438e-4
Valley City State University,ND,Selective public,0.021546252,6.6341727e-6
Valparaiso University,IN,Selective private,0.0080710137,0.0010203683
Vanderbilt University,TN,Other elite schools (private and public),0.014718471,0.0032208243
Vanguard University Of Southern California,CA,Selective private,0.011353597,0
Vassar College,NY,Other elite schools (private and public),0.010944489,5.9604581e-4
Vaughn College Of Aeronautics And Technology,NY,Nonselective 4-year private,0.16357975,0.0064442917
Villanova University,PA,Other elite schools (private and public),0.013182082,0.0017423135
Vincennes University,IN,Nonselective 4-year public,0.017317109,0
Virginia Commonwealth University,VA,Selective public,0.019243585,6.5676251e-4
Virginia Military Institute,VA,Selective public,0.019949649,4.8209025e-5
Virginia Polytechnic Institute & State University,VA,Highly selective public,0.013518651,5.1297265e-4
Virginia State University,VA,Selective public,0.034331579,4.6399984e-4
Virginia Wesleyan College,VA,Selective private,0.01279017,3.1621999e-5
Viterbo University,WI,Selective private,0.008021649,1.6331278e-5
Wabash College,IN,Selective private,0.017322537,6.5311842e-4
Wagner College,NY,Selective private,0.021850966,0
Wake Forest University,NC,Other elite schools (private and public),0.0072119986,0.0010160973
Walla Walla University,WA,Selective private,0.012220651,0.0012968086
Walsh University,OH,Selective private,0.0063308454,0
Warren Wilson College,NC,Selective private,0.006320864,1.3555849e-5
Wartburg College,IA,Selective private,0.0076405262,0.0013337993
Washburn University - Topeka,KS,Selective public,0.0091756936,9.2042977e-4
Washington Adventist University,MD,Selective private,0.015974376,0.0028820022
Washington And Jefferson College,PA,Selective private,0.013819983,2.691203e-4
Washington And Lee University,VA,Other elite schools (private and public),0.00570929,7.5171405e-4
Washington College,MD,Selective private,0.01230266,0.002701846
Washington State University,WA,Selective public,0.014843442,4.9780199e-4
Washington University In St. Louis,MO,Other elite schools (private and public),0.01037176,9.6048356e-4
Wayland Baptist University,TX,Selective private,0.019498071,0.0015291033
Wayne State College,NE,Selective public,0.0098945107,7.6767144e-4
Wayne State University,MI,Selective public,0.024474362,3.7349062e-4
Waynesburg University,PA,Selective private,0.023815975,0.0012612471
Webber International University,FL,Selective private,0.014950736,5.0316317e-5
Weber State University,UT,Selective public,0.0086152814,7.089937e-4
Webster University,MO,Selective private,0.0087023275,7.6418999e-4
Wellesley College,MA,Other elite schools (private and public),0.024083447,0.0044665784
Wells College,NY,Selective private,0.024599908,3.4309978e-5
Wentworth Institute Of Technology,MA,Selective private,0.026162557,1.4333073e-5
Wesley College,DE,Selective private,0.023901707,7.891389e-4
Wesleyan University,CT,Other elite schools (private and public),0.019636208,0.0019171118
West Chester University Of Pennsylvania,PA,Selective public,0.012733021,3.482367e-4
West Liberty University,WV,Selective public,0.012908548,3.3754073e-5
West Texas A&M University,TX,Selective public,0.021536281,7.5101631e-4
West Virginia Community And Technical College System,WV,Selective public,0.015997078,0
West Virginia State University,WV,Selective public,0.013531802,6.5348453e-5
"West Virginia University, West Virginia University Institute Of Technology, West Virginia University - Parkersburg, And Potomac State College",WV,Selective public,0.016364807,6.8705872e-4
West Virginia Wesleyan College,WV,Selective private,0.0058931899,5.0100261e-5
Western Carolina University,NC,Selective public,0.011105026,0
Western Connecticut State University,CT,Selective public,0.017392995,4.8159689e-4
Western Illinois University,IL,Selective public,0.011547994,2.5056132e-5
Western Kentucky University,KY,Selective public,0.014070529,0.0011999116
Western Michigan University,MI,Selective public,0.010054297,6.6462897e-5
Western Nevada College,NV,Nonselective 4-year public,0.012122547,0
Western New England University,MA,Selective private,0.020167124,7.1830006e-4
Western New Mexico University,NM,Selective public,0.030912109,0
Western Oregon University,OR,Selective public,0.012520499,4.4889693e-4
Western State Colorado University,CO,Selective public,0.0077849077,0
Western Washington University,WA,Selective public,0.011292228,8.4775913e-4
Westfield State University,MA,Selective public,0.0089962315,0
"Westminster College of Fulton, MO",MO,Selective private,0.015415492,1.546523e-4
"Westminster College of New Wilmington, PA",PA,Selective private,0.018366123,1.8154783e-4
"Westminster College of Salt Lake City, UT",UT,Selective private,0.017022833,0.0014162814
Westmont College,CA,Highly selective private,0.010913183,0
"Wheaton College of Norton, MA",MA,Highly selective private,0.012640215,9.0110151e-4
"Wheaton College of Wheaton, IL",IL,Highly selective private,0.017115509,0.0010835392
Wheeling Jesuit University,WV,Selective private,0.013205372,0
Wheelock College,MA,Selective private,0.0097018294,3.1558036e-5
Whitman College,WA,Other elite schools (private and public),0.0088804727,0
Whittier College,CA,Selective private,0.029580679,0.0011860904
Whitworth University,WA,Selective private,0.0050186208,0
Wichita State University,KS,Selective public,0.01209196,9.1999059e-4
Widener University,PA,Selective private,0.020144884,6.5735343e-4
Wilkes University,PA,Selective private,0.028792452,0.0018546669
Willamette University,OR,Selective private,0.018352445,0.0017600862
William Carey University,MS,Selective private,0.020372465,0.0017898406
William Jewell College,MO,Selective private,0.0055289064,0
William Paterson University Of New Jersey,NJ,Selective public,0.028375005,5.0049915e-4
William Peace University,NC,Nonselective 4-year private,0.0068549928,0
William Penn University,IA,Selective private,0.016139179,1.6934953e-6
William Woods University,MO,Selective private,0.002847332,1.6479925e-4
Williams Baptist College,AR,Selective private,0.014642493,3.4790595e-5
Williams College,MA,Other elite schools (private and public),0.0098658074,0.0017843659
Wilmington College,OH,Selective private,0.009329536,0
Wilmington University,DE,Selective private,0.0083767185,0
Wingate University,NC,Selective private,0.012407327,6.043856e-5
Winston-Salem State University,NC,Selective public,0.030280408,5.4621569e-6
Winthrop University,SC,Selective public,0.013888506,3.6087248e-4
Wisconsin Lutheran College,WI,Selective private,0.0062708403,2.5688755e-4
Wittenberg University,OH,Selective private,0.0079834191,1.0307731e-4
Wofford College,SC,Highly selective private,0.011826379,0
Woodbury University,CA,Selective private,0.06364359,7.8702615e-6
Worcester Polytechnic Institute,MA,Highly selective private,0.021758402,0.0011657587
Worcester State University,MA,Selective public,0.014952938,0
Wright Career College,KS,Nonselective 4-year private,0.0047843605,6.6053694e-6
Wright State University,OH,Selective public,0.0077764117,4.7198814e-6
Xavier University,OH,Selective private,0.0084580183,8.2500227e-4
Xavier University Of Louisiana,LA,Selective private,0.052551392,0.0035302346
Yale University,CT,Ivy Plus,0.020817067,0.0038495241
Yeshiva University,NY,Selective private,0.015016814,0.0015225436
Young Harris College,GA,Nonselective 4-year private,0.003371614,0
Youngstown State University,OH,Selective public,0.013419556,3.4252406e-4
